id_contrato,id_cliente,id_produto,valor_financiado,valor_parcela,taxa_juros_mensal,qtd_parcelas,data_inicio,data_fim,status_contrato
CTR00001,249,CC,3458.01,385.74,4.799,12,2025-01-04,2026-01-04,QUITADO
CTR00002,35,CP,21996.88,4162.62,3.754,6,2023-09-24,2024-03-24,QUITADO
CTR00003,254,CV,110925.26,2834.91,1.525,60,2025-04-06,2030-04-06,ATIVO
CTR00004,236,CV,140660.32,7218.81,1.739,24,2025-05-18,2027-05-18,ATIVO
CTR00005,69,CP,20158.64,906.45,4.091,60,2024-08-27,2029-08-27,ATIVO
CTR00006,401,CV,159458.05,4751.34,1.567,48,2023-08-11,2027-08-11,ATIVO
CTR00007,261,CV,46435.72,1141.6,1.375,60,2024-01-04,2029-01-04,ATIVO
CTR00008,293,FI,869499.03,52497.04,0.891,18,2024-04-15,2025-10-15,QUITADO
CTR00009,84,CC,9292.27,1000.19,4.175,12,2025-04-07,2026-04-07,QUITADO
CTR00010,213,CC,1602.42,185.95,5.502,12,2025-09-02,2026-09-02,ATIVO
CTR00011,413,CS,87139.35,1969.35,1.883,96,2025-11-12,2033-11-12,ATIVO
CTR00012,15,CP,13879.6,539.92,3.352,60,2024-12-03,2029-12-03,ATIVO
CTR00013,211,CP,33986.45,1512.66,3.657,48,2025-07-04,2029-07-04,ATIVO
CTR00014,316,CC,3553.29,390.57,4.54,12,2023-07-15,2024-07-15,QUITADO
CTR00015,482,CC,6807.17,767.03,4.977,12,2025-12-29,2026-12-29,ATIVO
CTR00016,295,CV,105872.07,2538.74,1.28,60,2025-05-31,2030-05-31,ATIVO
CTR00017,70,CP,1721.52,128.14,3.279,18,2025-05-10,2026-11-10,ATIVO
CTR00018,80,CV,84876.8,4142.54,1.306,24,2024-03-22,2026-03-22,QUITADO
CTR00019,156,CV,27879.91,2610.15,1.838,12,2024-01-01,2025-01-01,QUITADO
CTR00020,150,CP,10283.56,430.0,3.712,60,2024-05-24,2029-05-24,ATIVO
CTR00021,166,FI,827507.05,7780.58,0.802,240,2023-04-25,2043-04-25,ATIVO
CTR00022,454,FI,189643.34,1751.9,0.781,240,2025-12-24,2045-12-24,ATIVO
CTR00023,437,CS,29036.07,588.63,1.575,96,2024-06-11,2032-06-11,ATIVO
CTR00024,45,CS,74751.93,4061.39,2.242,24,2024-02-23,2026-02-23,QUITADO
CTR00025,493,CP,35890.33,1456.81,3.562,60,2024-09-25,2029-09-25,ATIVO
CTR00026,164,CV,122846.07,11518.76,1.863,12,2025-12-19,2026-12-19,ATIVO
CTR00027,208,CS,13584.3,2414.11,1.865,6,2023-08-30,2024-02-28,QUITADO
CTR00028,440,CV,169767.7,29688.0,1.391,6,2024-11-23,2025-05-23,QUITADO
CTR00029,305,CS,8488.88,256.71,1.637,48,2023-03-05,2027-03-05,ATIVO
CTR00030,218,CS,49775.66,1161.43,1.577,72,2023-08-20,2029-08-20,ATIVO
CTR00031,120,CC,668.24,75.36,4.992,12,2023-10-22,2024-10-22,QUITADO
CTR00032,203,CP,5333.87,219.72,3.636,60,2023-06-09,2028-06-09,ATIVO
CTR00033,99,CC,3681.54,399.94,4.335,12,2024-01-31,2025-01-31,QUITADO
CTR00034,393,CP,4400.53,207.4,4.346,60,2024-02-15,2029-02-15,ATIVO
CTR00035,73,CC,8085.23,939.01,5.517,12,2023-11-02,2024-11-02,QUITADO
CTR00036,498,CS,76894.33,4045.71,1.957,24,2024-11-18,2026-11-18,ATIVO
CTR00037,371,CP,3647.35,684.15,3.485,6,2024-03-05,2024-09-05,QUITADO
CTR00038,40,FI,313406.53,27516.11,0.812,12,2024-02-14,2025-02-14,QUITADO
CTR00039,394,CP,42012.46,1639.0,3.366,60,2025-05-26,2030-05-26,ATIVO
CTR00040,443,CV,177355.83,11334.6,1.518,18,2025-01-28,2026-07-28,ATIVO
CTR00041,342,CV,181901.22,4673.89,1.546,60,2025-01-23,2030-01-23,ATIVO
CTR00042,95,CP,31312.88,2315.39,3.2,18,2024-08-07,2026-02-07,QUITADO
CTR00043,275,CP,45108.55,1689.72,3.17,60,2023-08-28,2028-08-28,ATIVO
CTR00044,36,CP,21556.19,1060.23,4.252,48,2024-12-30,2028-12-30,ATIVO
CTR00045,179,CP,11895.53,1280.4,4.175,12,2023-10-19,2024-10-19,QUITADO
CTR00046,22,CC,2990.72,340.9,5.182,12,2023-01-09,2024-01-09,QUITADO
CTR00047,322,CP,24308.16,1059.44,3.926,60,2024-01-03,2029-01-03,ATIVO
CTR00048,469,FI,744150.87,24022.84,0.836,36,2023-08-13,2026-08-13,ATIVO
CTR00049,401,CC,8072.91,1564.2,4.481,6,2023-10-30,2024-04-30,QUITADO
CTR00050,490,FI,603842.51,11138.03,0.82,72,2023-03-17,2029-03-17,ATIVO
CTR00051,35,FI,174008.85,2182.86,0.731,120,2025-11-23,2035-11-23,ATIVO
CTR00052,288,CS,4031.99,202.39,1.547,24,2024-04-13,2026-04-13,QUITADO
CTR00053,233,CS,58887.72,10412.8,1.717,6,2025-10-28,2026-04-28,QUITADO
CTR00054,19,FI,383988.63,23412.13,0.998,18,2023-11-06,2025-05-06,QUITADO
CTR00055,461,CC,9611.17,1042.6,4.31,12,2023-01-12,2024-01-12,QUITADO
CTR00056,123,FI,606751.37,19515.55,0.815,36,2025-05-15,2028-05-15,ATIVO
CTR00057,459,CC,1707.71,340.8,5.403,6,2024-09-01,2025-03-01,QUITADO
CTR00058,341,CS,73139.32,1577.31,1.748,96,2025-01-08,2033-01-08,ATIVO
CTR00059,280,CV,82417.54,2198.63,1.694,60,2023-02-12,2028-02-12,ATIVO
CTR00060,45,CV,30405.77,803.0,1.654,60,2025-11-30,2030-11-30,ATIVO
CTR00061,374,CC,1722.07,192.02,4.792,12,2025-03-09,2026-03-09,QUITADO
CTR00062,190,CP,40938.88,1733.72,3.777,60,2023-10-14,2028-10-14,ATIVO
CTR00063,63,CP,5172.45,242.28,4.312,60,2023-04-19,2028-04-19,ATIVO
CTR00064,452,CC,4458.69,503.54,5.017,12,2024-10-20,2025-10-20,QUITADO
CTR00065,468,CC,4896.09,556.05,5.117,12,2024-04-24,2025-04-24,QUITADO
CTR00066,312,CC,7685.83,855.26,4.756,12,2023-03-31,2024-03-31,QUITADO
CTR00067,463,CC,6858.68,730.68,3.997,12,2025-07-03,2026-07-03,ATIVO
CTR00068,50,CP,4309.68,193.39,4.08,60,2024-02-01,2029-02-01,ATIVO
CTR00069,492,CP,7724.93,334.5,3.892,60,2023-08-16,2028-08-16,ATIVO
CTR00070,222,CC,4889.38,560.8,5.293,12,2024-07-16,2025-07-16,QUITADO
CTR00071,466,CC,12250.82,1407.81,5.327,12,2024-11-26,2025-11-26,QUITADO
CTR00072,411,CP,26695.39,1094.43,3.612,60,2025-01-24,2030-01-24,ATIVO
CTR00073,478,CS,70455.16,4535.45,1.599,18,2023-03-31,2024-09-30,QUITADO
CTR00074,249,CC,8218.33,907.52,4.621,12,2023-04-08,2024-04-08,QUITADO
CTR00075,75,CP,6188.38,382.46,3.428,24,2023-01-31,2025-01-31,QUITADO
CTR00076,447,CC,9316.92,1022.45,4.512,12,2024-10-20,2025-10-20,QUITADO
CTR00077,55,CC,7489.01,854.32,5.196,12,2025-05-25,2026-05-25,QUITADO
CTR00078,361,FI,794143.34,26018.79,0.921,36,2024-12-14,2027-12-14,ATIVO
CTR00079,489,CC,6748.77,725.08,4.143,12,2024-01-17,2025-01-17,QUITADO
CTR00080,129,CV,67850.44,1752.77,1.567,60,2024-11-21,2029-11-21,ATIVO
CTR00081,104,CS,5111.08,115.75,1.889,96,2023-06-28,2031-06-28,ATIVO
CTR00082,112,CC,14870.42,1659.92,4.811,12,2024-11-22,2025-11-22,QUITADO
CTR00083,65,CP,5706.34,1100.6,4.339,6,2024-01-03,2024-07-03,QUITADO
CTR00084,350,CV,86118.15,2101.74,1.347,60,2023-06-19,2028-06-19,ATIVO
CTR00085,291,FI,800263.86,19809.89,0.727,48,2024-04-07,2028-04-07,ATIVO
CTR00086,240,CC,10419.13,1103.81,3.901,12,2025-07-07,2026-07-07,ATIVO
CTR00087,422,CC,5640.72,601.28,4.007,12,2025-10-04,2026-10-04,ATIVO
CTR00088,101,CC,5708.93,1138.9,5.392,6,2024-02-11,2024-08-11,QUITADO
CTR00089,76,CS,14878.93,451.14,2.22,60,2023-02-13,2028-02-13,ATIVO
CTR00090,481,CS,79850.26,14269.77,2.03,6,2025-03-25,2025-09-25,QUITADO
CTR00091,403,CP,14157.22,527.2,3.142,60,2024-04-03,2029-04-03,ATIVO
CTR00092,246,CS,11822.91,332.67,1.909,60,2023-01-25,2028-01-25,ATIVO
CTR00093,331,CS,7838.58,731.33,1.782,12,2023-10-13,2024-10-13,QUITADO
CTR00094,239,CP,2573.84,114.35,4.027,60,2025-10-27,2030-10-27,ATIVO
CTR00095,44,CC,9273.71,986.07,3.964,12,2025-08-17,2026-08-17,ATIVO
CTR00096,110,FI,962865.12,31105.13,0.84,36,2024-10-06,2027-10-06,ATIVO
CTR00097,343,FI,261267.63,23106.38,0.927,12,2024-06-12,2025-06-12,QUITADO
CTR00098,337,CS,40045.85,2084.55,1.863,24,2023-07-11,2025-07-11,QUITADO
CTR00099,481,CS,82873.02,1986.58,2.058,96,2023-01-30,2031-01-30,ATIVO
CTR00100,470,CP,7190.18,267.7,3.141,60,2025-03-13,2030-03-13,ATIVO
CTR00101,16,CV,184289.44,5298.63,1.4,48,2023-07-26,2027-07-26,ATIVO
CTR00102,41,CP,6043.09,370.97,3.364,24,2023-06-03,2025-06-03,QUITADO
CTR00103,289,CC,4413.72,473.9,4.132,12,2023-10-10,2024-10-10,QUITADO
CTR00104,62,FI,689760.4,13274.97,0.951,72,2023-08-05,2029-08-05,ATIVO
CTR00105,33,CC,4916.73,559.43,5.15,12,2025-07-15,2026-07-15,ATIVO
CTR00106,137,CS,19145.32,478.39,2.185,96,2024-12-15,2032-12-15,ATIVO
CTR00107,285,CS,89517.3,8565.37,2.193,12,2024-09-28,2025-09-28,QUITADO
CTR00108,322,CC,6342.66,669.41,3.836,12,2025-11-26,2026-11-26,ATIVO
CTR00109,96,CS,85521.06,1843.69,1.747,96,2024-09-28,2032-09-28,ATIVO
CTR00110,109,CP,42936.14,1783.74,3.679,60,2024-12-15,2029-12-15,ATIVO
CTR00111,239,FI,504558.67,4435.04,0.723,240,2024-02-14,2044-02-14,ATIVO
CTR00112,18,CP,22144.26,942.21,3.4,48,2024-04-11,2028-04-11,ATIVO
CTR00113,447,CS,24592.52,590.69,2.064,96,2024-03-07,2032-03-07,ATIVO
CTR00114,22,CV,69760.22,6451.92,1.641,12,2024-10-05,2025-10-05,QUITADO
CTR00115,158,FI,228771.53,7318.39,0.784,36,2025-01-07,2028-01-07,ATIVO
CTR00116,6,FI,168799.39,2521.55,0.796,96,2025-09-18,2033-09-18,ATIVO
CTR00117,336,CP,41859.07,7729.38,3.009,6,2023-12-08,2024-06-08,QUITADO
CTR00118,287,CS,46075.86,1131.31,2.131,96,2024-08-15,2032-08-15,ATIVO
CTR00119,271,CS,45551.7,4265.4,1.841,12,2024-06-22,2025-06-22,QUITADO
CTR00120,470,CP,47590.81,5122.53,4.175,12,2024-03-14,2025-03-14,QUITADO
CTR00121,277,FI,696176.37,31678.3,0.717,24,2025-08-09,2027-08-09,ATIVO
CTR00122,38,CV,116482.36,7595.16,1.743,18,2023-08-14,2025-02-14,QUITADO
CTR00123,160,CV,54971.13,1445.9,1.638,60,2024-10-01,2029-10-01,ATIVO
CTR00124,485,CC,7747.32,901.52,5.552,12,2024-04-27,2025-04-27,QUITADO
CTR00125,480,CP,47647.77,1908.21,3.495,60,2024-05-29,2029-05-29,ATIVO
CTR00126,462,FI,446976.87,3917.26,0.832,360,2024-09-30,2054-09-30,ATIVO
CTR00127,304,CP,8506.4,376.43,4.006,60,2023-09-27,2028-09-27,ATIVO
CTR00128,482,CC,1032.6,118.67,5.328,12,2025-02-28,2026-02-28,QUITADO
CTR00129,443,CP,22511.43,4271.7,3.838,6,2025-06-09,2025-12-09,QUITADO
CTR00130,121,CP,46195.33,3713.48,4.216,18,2025-12-09,2027-06-09,ATIVO
CTR00131,201,CP,22390.9,1466.89,3.989,24,2023-11-12,2025-11-12,QUITADO
CTR00132,491,CV,165282.52,4549.9,1.82,60,2025-10-25,2030-10-25,ATIVO
CTR00133,438,CV,41879.26,7368.15,1.569,6,2025-01-21,2025-07-21,QUITADO
CTR00134,263,CV,64752.81,1571.22,1.325,60,2023-07-13,2028-07-13,ATIVO
CTR00135,122,CP,28265.53,1425.67,3.662,36,2024-04-25,2027-04-25,ATIVO
CTR00136,167,CP,46919.9,2178.93,4.265,60,2024-10-22,2029-10-22,ATIVO
CTR00137,142,CP,34992.09,1435.99,3.617,60,2025-10-03,2030-10-03,ATIVO
CTR00138,461,CP,13607.98,523.07,3.294,60,2024-03-09,2029-03-09,ATIVO
CTR00139,496,CV,127692.88,6341.69,1.455,24,2023-01-20,2025-01-20,QUITADO
CTR00140,357,FI,105105.27,2325.92,0.981,60,2023-04-24,2028-04-24,ATIVO
CTR00141,267,CV,47396.96,1195.23,1.473,60,2024-01-08,2029-01-08,ATIVO
CTR00142,147,CP,40698.3,1867.87,4.201,60,2023-02-02,2028-02-02,ATIVO
CTR00143,409,CV,80705.83,2531.0,1.811,48,2024-06-06,2028-06-06,ATIVO
CTR00144,243,CC,14409.5,1529.31,3.932,12,2025-04-20,2026-04-20,QUITADO
CTR00145,223,CV,178440.84,16592.7,1.728,12,2024-11-30,2025-11-30,QUITADO
CTR00146,279,CV,109095.69,2863.72,1.63,60,2024-06-28,2029-06-28,ATIVO
CTR00147,1,CP,42975.67,1702.75,3.442,60,2024-04-11,2029-04-11,ATIVO
CTR00148,194,CS,33375.16,1722.29,1.787,24,2023-10-03,2025-10-03,QUITADO
CTR00149,189,FI,951532.43,83817.76,0.864,12,2025-03-04,2026-03-04,QUITADO
CTR00150,11,CV,59307.29,1499.06,1.482,60,2023-11-13,2028-11-13,ATIVO
CTR00151,273,CC,10853.5,1205.01,4.716,12,2023-02-01,2024-02-01,QUITADO
CTR00152,301,FI,858370.82,27252.84,0.741,36,2025-09-26,2028-09-26,ATIVO
CTR00153,389,CV,56141.87,1457.34,1.586,60,2023-03-15,2028-03-15,ATIVO
CTR00154,278,CV,162574.09,4128.31,1.5,60,2024-09-20,2029-09-20,ATIVO
CTR00155,202,CP,21074.31,889.7,3.761,60,2025-08-19,2030-08-19,ATIVO
CTR00156,207,CP,48060.31,1830.99,3.251,60,2024-10-18,2029-10-18,ATIVO
CTR00157,133,CC,4022.93,432.24,4.144,12,2023-05-14,2024-05-14,QUITADO
CTR00158,283,CP,36846.67,1896.15,3.804,36,2023-05-06,2026-05-06,QUITADO
CTR00159,244,CV,62327.44,4099.48,1.841,18,2024-03-19,2025-09-19,QUITADO
CTR00160,23,FI,812153.42,37183.56,0.768,24,2023-10-21,2025-10-21,QUITADO
CTR00161,381,CV,62302.45,1676.25,1.728,60,2025-01-01,2030-01-01,ATIVO
CTR00162,147,FI,243876.99,5055.39,0.745,60,2024-06-08,2029-06-08,ATIVO
CTR00163,114,CV,162697.25,4459.91,1.803,60,2025-09-02,2030-09-02,ATIVO
CTR00164,118,CP,10932.23,425.01,3.349,60,2024-07-10,2029-07-10,ATIVO
CTR00165,286,CC,5356.05,571.86,4.035,12,2025-02-03,2026-02-03,QUITADO
CTR00166,366,CS,94597.71,2725.34,2.006,60,2023-01-22,2028-01-22,ATIVO
CTR00167,230,CP,12380.17,2299.08,3.181,6,2023-09-30,2024-03-30,QUITADO
CTR00168,428,CP,28098.59,1207.6,3.853,60,2023-05-26,2028-05-26,ATIVO
CTR00169,347,FI,597612.87,8736.56,0.745,96,2025-08-05,2033-08-05,ATIVO
CTR00170,252,FI,635744.6,11772.57,0.832,72,2025-03-03,2031-03-03,ATIVO
CTR00171,209,CP,30870.75,1422.86,4.224,60,2024-03-27,2029-03-27,ATIVO
CTR00172,183,CS,16604.88,393.74,1.632,72,2025-06-11,2031-06-11,ATIVO
CTR00173,13,CS,15225.01,393.1,1.565,60,2023-11-16,2028-11-16,ATIVO
CTR00174,72,CV,113796.39,2735.24,1.289,60,2025-04-06,2030-04-06,ATIVO
CTR00175,387,CV,59437.0,5559.77,1.824,12,2023-12-06,2024-12-06,QUITADO
CTR00176,258,CP,42379.92,2579.05,3.282,24,2024-05-24,2026-05-24,QUITADO
CTR00177,314,CP,15279.99,694.3,4.147,60,2023-05-27,2028-05-27,ATIVO
CTR00178,126,CC,7096.81,1403.52,5.119,6,2024-08-17,2025-02-17,QUITADO
CTR00179,173,CC,4185.06,453.8,4.303,12,2025-12-22,2026-12-22,ATIVO
CTR00180,43,CV,158402.15,5892.93,1.673,36,2025-10-14,2028-10-14,ATIVO
CTR00181,211,FI,247516.57,2153.02,0.711,240,2024-08-14,2044-08-14,ATIVO
CTR00182,307,CC,9906.39,1090.94,4.573,12,2023-01-16,2024-01-16,QUITADO
CTR00183,419,CS,61084.83,1505.71,2.143,96,2025-01-12,2033-01-12,ATIVO
CTR00184,369,CP,43878.56,1860.03,3.782,60,2024-01-20,2029-01-20,ATIVO
CTR00185,426,CP,1840.14,137.25,3.303,18,2025-09-22,2027-03-22,ATIVO
CTR00186,418,CP,17041.46,3244.51,3.94,6,2025-05-09,2025-11-09,QUITADO
CTR00187,14,CC,5334.72,576.2,4.235,12,2023-02-03,2024-02-03,QUITADO
CTR00188,237,CC,13930.31,2718.76,4.706,6,2024-03-19,2024-09-19,QUITADO
CTR00189,143,CP,10596.95,788.05,3.268,18,2023-09-29,2025-03-29,QUITADO
CTR00190,297,CC,8620.94,947.32,4.535,12,2023-10-04,2024-10-04,QUITADO
CTR00191,99,CC,934.42,106.64,5.203,12,2023-02-25,2024-02-25,QUITADO
CTR00192,424,CC,6001.96,635.74,3.898,12,2025-06-09,2026-06-09,QUITADO
CTR00193,260,CC,3179.11,337.58,3.941,12,2024-07-02,2025-07-02,QUITADO
CTR00194,199,CC,5839.72,663.71,5.13,12,2025-12-18,2026-12-18,ATIVO
CTR00195,89,CC,3279.24,378.02,5.383,12,2023-02-17,2024-02-17,QUITADO
CTR00196,351,CP,44290.53,1800.45,3.146,48,2024-03-30,2028-03-30,ATIVO
CTR00197,285,CC,14153.2,1589.37,4.917,12,2025-11-01,2026-11-01,ATIVO
CTR00198,7,FI,969659.1,21090.48,0.918,60,2025-11-29,2030-11-29,ATIVO
CTR00199,490,CC,14315.41,1634.05,5.207,12,2024-06-04,2025-06-04,QUITADO
CTR00200,89,CV,23249.75,631.81,1.768,60,2025-11-05,2030-11-05,ATIVO
CTR00201,355,CV,116347.63,7420.32,1.495,18,2025-02-25,2026-08-25,ATIVO
CTR00202,159,CS,3714.93,90.89,2.12,96,2024-08-06,2032-08-06,ATIVO
CTR00203,180,CC,1194.78,227.5,3.944,6,2025-12-16,2026-06-16,QUITADO
CTR00204,412,CV,151395.75,26489.67,1.407,6,2024-07-27,2025-01-27,QUITADO
CTR00205,116,CC,13884.81,1619.39,5.593,12,2023-05-17,2024-05-17,QUITADO
CTR00206,133,CP,4642.47,201.72,3.91,60,2024-08-30,2029-08-30,ATIVO
CTR00207,380,CC,12983.11,1441.7,4.719,12,2025-04-09,2026-04-09,QUITADO
CTR00208,172,CS,14433.66,979.0,2.191,18,2024-11-08,2026-05-08,QUITADO
CTR00209,299,CP,10125.62,434.92,3.85,60,2024-05-01,2029-05-01,ATIVO
CTR00210,327,CC,12460.5,1345.39,4.229,12,2024-02-02,2025-02-02,QUITADO
CTR00211,117,CP,40316.74,1574.78,3.372,60,2023-06-28,2028-06-28,ATIVO
CTR00212,148,CC,11187.17,1203.67,4.168,12,2023-05-09,2024-05-09,QUITADO
CTR00213,270,FI,947923.95,12218.21,0.784,120,2023-07-04,2033-07-04,ATIVO
CTR00214,408,FI,818822.85,141165.18,0.975,6,2023-03-24,2023-09-24,QUITADO
CTR00215,363,CP,9206.52,428.17,4.273,60,2024-12-14,2029-12-14,ATIVO
CTR00216,244,CP,39465.05,1494.49,3.222,60,2023-07-04,2028-07-04,ATIVO
CTR00217,181,CC,6795.68,725.1,4.024,12,2023-05-02,2024-05-02,QUITADO
CTR00218,4,FI,958498.77,14566.74,0.837,96,2024-02-13,2032-02-13,ATIVO
CTR00219,81,CS,16547.11,1553.08,1.879,12,2023-04-11,2024-04-11,QUITADO
CTR00220,493,CP,34532.96,1636.37,4.026,48,2025-11-16,2029-11-16,ATIVO
CTR00221,410,CV,156409.88,10021.06,1.546,18,2024-12-30,2026-06-30,ATIVO
CTR00222,17,CC,10518.49,1175.4,4.83,12,2024-11-13,2025-11-13,QUITADO
CTR00223,377,CV,160159.75,3999.35,1.435,60,2025-03-30,2030-03-30,ATIVO
CTR00224,346,FI,775428.81,25045.67,0.839,36,2024-06-20,2027-06-20,ATIVO
CTR00225,197,CV,158832.63,4307.68,1.76,60,2024-02-29,2029-02-28,ATIVO
CTR00226,469,CP,35747.91,1665.61,3.115,36,2025-02-01,2028-02-01,ATIVO
CTR00227,125,CV,197012.19,6220.78,1.844,48,2023-12-25,2027-12-25,ATIVO
CTR00228,309,FI,350968.73,20938.16,0.761,18,2025-01-06,2026-07-06,ATIVO
CTR00229,499,CC,3782.57,418.01,4.634,12,2025-12-03,2026-12-03,ATIVO
CTR00230,357,CP,1730.24,176.92,3.297,12,2023-01-05,2024-01-05,QUITADO
CTR00231,187,CP,37802.68,1726.33,4.174,60,2023-10-11,2028-10-11,ATIVO
CTR00232,332,CP,19058.64,713.92,3.17,60,2023-05-30,2028-05-30,ATIVO
CTR00233,226,CV,97433.83,2450.71,1.463,60,2023-01-31,2028-01-31,ATIVO
CTR00234,395,CP,5984.12,230.4,3.302,60,2023-06-20,2028-06-20,ATIVO
CTR00235,221,CV,23459.89,613.95,1.618,60,2023-05-01,2028-05-01,ATIVO
CTR00236,425,CP,44606.48,1952.3,3.948,60,2023-09-16,2028-09-16,ATIVO
CTR00237,396,CC,648.01,69.26,4.053,12,2023-01-27,2024-01-27,QUITADO
CTR00238,44,FI,186358.42,2485.91,0.852,120,2023-09-28,2033-09-28,ATIVO
CTR00239,200,CP,40444.9,1977.93,4.217,48,2024-07-30,2028-07-30,ATIVO
CTR00240,421,FI,459190.86,3600.0,0.726,360,2025-01-30,2055-01-30,ATIVO
CTR00241,405,CS,33196.89,1236.63,1.681,36,2024-07-26,2027-07-26,ATIVO
CTR00242,156,CP,10724.51,1996.28,3.252,6,2024-12-09,2025-06-09,QUITADO
CTR00243,113,CC,3789.17,425.92,4.934,12,2025-12-05,2026-12-05,ATIVO
CTR00244,174,CP,25393.88,1190.75,4.318,60,2025-11-01,2030-11-01,ATIVO
CTR00245,146,CV,157168.06,4089.14,1.595,60,2024-06-12,2029-06-12,ATIVO
CTR00246,452,FI,757447.81,19648.81,0.933,48,2023-04-03,2027-04-03,ATIVO
CTR00247,124,FI,447091.23,20526.32,0.791,24,2023-03-11,2025-03-11,QUITADO
CTR00248,473,CP,25524.71,1039.3,3.155,48,2025-09-03,2029-09-03,ATIVO
CTR00249,264,FI,489553.58,6287.63,0.777,120,2023-05-12,2033-05-12,ATIVO
CTR00250,350,CP,7019.93,324.27,4.236,60,2025-07-23,2030-07-23,ATIVO
CTR00251,154,CS,81330.94,1979.38,2.104,96,2023-02-03,2031-02-03,ATIVO
CTR00252,41,CV,127859.66,3526.69,1.828,60,2023-01-25,2028-01-25,ATIVO
CTR00253,144,CC,9139.0,1038.63,5.129,12,2024-03-21,2025-03-21,QUITADO
CTR00254,492,CS,42162.49,1230.91,2.061,60,2023-12-11,2028-12-11,ATIVO
CTR00255,252,FI,205101.0,4530.09,0.974,60,2023-08-15,2028-08-15,ATIVO
CTR00256,31,CC,8490.45,954.65,4.939,12,2025-08-28,2026-08-28,ATIVO
CTR00257,379,CV,121759.99,3310.48,1.77,60,2024-08-25,2029-08-25,ATIVO
CTR00258,191,CP,16986.62,628.31,3.11,60,2024-04-19,2029-04-19,ATIVO
CTR00259,32,CP,27181.46,1043.09,3.286,60,2023-09-13,2028-09-13,ATIVO
CTR00260,340,CC,1244.46,133.24,4.083,12,2025-06-22,2026-06-22,ATIVO
CTR00261,433,CP,29327.99,3094.03,3.829,12,2025-10-03,2026-10-03,ATIVO
CTR00262,383,CV,22139.97,603.0,1.777,60,2024-10-14,2029-10-14,ATIVO
CTR00263,140,CP,17381.3,698.9,3.515,60,2025-02-08,2030-02-08,ATIVO
CTR00264,293,CP,24843.71,1847.37,3.267,18,2023-10-03,2025-04-03,QUITADO
CTR00265,205,CP,22716.19,1008.09,4.021,60,2025-11-14,2030-11-14,ATIVO
CTR00266,317,CS,66210.46,6128.18,1.653,12,2024-04-21,2025-04-21,QUITADO
CTR00267,326,FI,857783.71,16418.65,0.934,72,2024-01-15,2030-01-15,ATIVO
CTR00268,94,CC,4872.25,561.15,5.367,12,2023-09-27,2024-09-27,QUITADO
CTR00269,451,FI,121695.8,1970.69,0.991,96,2023-10-02,2031-10-02,ATIVO
CTR00270,429,CS,39679.34,3768.67,2.072,12,2023-11-08,2024-11-08,QUITADO
CTR00271,48,CP,26646.18,2691.97,3.094,12,2023-07-09,2024-07-09,QUITADO
CTR00272,138,CC,13698.62,1551.22,5.065,12,2023-11-08,2024-11-08,QUITADO
CTR00273,225,CV,82271.28,2307.73,1.286,48,2025-03-25,2029-03-25,ATIVO
CTR00274,227,CP,33099.49,1805.7,4.226,36,2025-06-19,2028-06-19,ATIVO
CTR00275,169,FI,938694.08,24339.52,0.931,48,2023-11-09,2027-11-09,ATIVO
CTR00276,88,CP,20670.98,813.7,3.41,60,2025-12-17,2030-12-17,ATIVO
CTR00277,318,CP,40851.28,1576.12,3.312,60,2025-10-13,2030-10-13,ATIVO
CTR00278,342,CP,17695.58,701.98,3.448,60,2023-12-06,2028-12-06,ATIVO
CTR00279,402,CS,53222.81,1134.92,1.716,96,2023-11-17,2031-11-17,ATIVO
CTR00280,49,CC,9958.91,1109.85,4.782,12,2024-04-15,2025-04-15,QUITADO
CTR00281,389,CC,3519.56,392.9,4.812,12,2025-04-01,2026-04-01,QUITADO
CTR00282,219,FI,690613.86,7168.28,0.783,180,2025-07-11,2040-07-11,ATIVO
CTR00283,472,CP,15431.87,661.43,3.839,60,2025-01-31,2030-01-31,ATIVO
CTR00284,185,CS,17671.15,431.22,1.731,72,2025-06-27,2031-06-27,ATIVO
CTR00285,467,CC,6586.83,723.84,4.536,12,2024-11-09,2025-11-09,QUITADO
CTR00286,164,CP,18076.3,1341.57,3.244,18,2024-02-27,2025-08-27,QUITADO
CTR00287,90,CP,45414.31,4703.25,3.513,12,2024-07-03,2025-07-03,QUITADO
CTR00288,448,CS,7986.27,295.99,1.65,36,2023-08-05,2026-08-05,ATIVO
CTR00289,26,CP,39853.03,2976.37,3.319,18,2024-07-14,2026-01-14,QUITADO
CTR00290,226,CS,47217.55,3150.89,2.005,18,2024-10-18,2026-04-18,QUITADO
CTR00291,472,CP,41120.68,7897.2,4.207,6,2023-05-23,2023-11-23,QUITADO
CTR00292,439,CV,68360.28,3425.52,1.532,24,2024-11-17,2026-11-17,ATIVO
CTR00293,464,CS,88090.09,2707.91,1.715,48,2025-04-28,2029-04-28,ATIVO
CTR00294,119,CV,57978.26,1574.38,1.765,60,2025-08-22,2030-08-22,ATIVO
CTR00295,278,CC,11461.11,1337.38,5.602,12,2023-02-19,2024-02-19,QUITADO
CTR00296,338,CV,146437.03,4065.11,1.854,60,2024-02-22,2029-02-22,ATIVO
CTR00297,39,CS,5046.61,266.31,1.983,24,2023-03-06,2025-03-06,QUITADO
CTR00298,330,CP,28014.67,2097.31,3.348,18,2025-07-13,2027-01-13,ATIVO
CTR00299,47,CV,86498.96,2391.76,1.838,60,2025-03-30,2030-03-30,ATIVO
CTR00300,77,CC,14294.56,1595.73,4.812,12,2024-03-17,2025-03-17,QUITADO
CTR00301,253,CC,2628.51,295.48,4.935,12,2023-05-18,2024-05-18,QUITADO
CTR00302,294,CP,20633.26,956.79,4.257,60,2023-03-11,2028-03-11,ATIVO
CTR00303,57,CP,13045.67,591.45,4.135,60,2023-01-26,2028-01-26,ATIVO
CTR00304,441,CV,199604.39,4880.33,1.354,60,2025-04-14,2030-04-14,ATIVO
CTR00305,7,CP,34739.42,2755.12,4.049,18,2025-07-31,2027-01-31,ATIVO
CTR00306,2,CP,31900.46,5916.88,3.144,6,2025-03-08,2025-09-08,QUITADO
CTR00307,121,CS,12049.79,332.69,1.832,60,2023-10-13,2028-10-13,ATIVO
CTR00308,138,CC,8700.07,1002.4,5.374,12,2024-08-15,2025-08-15,QUITADO
CTR00309,18,CP,25237.56,1168.78,3.074,36,2025-12-11,2028-12-11,ATIVO
CTR00310,107,CC,1506.88,168.26,4.817,12,2024-03-28,2025-03-28,QUITADO
CTR00311,460,CP,16346.4,701.85,3.848,60,2024-09-15,2029-09-15,ATIVO
CTR00312,348,FI,366938.97,7555.22,0.721,60,2024-03-31,2029-03-31,ATIVO
CTR00313,283,FI,106668.11,6394.79,0.814,18,2024-12-30,2026-06-30,ATIVO
CTR00314,83,CP,15616.65,728.02,4.286,60,2023-11-12,2028-11-12,ATIVO
CTR00315,152,FI,567999.75,5994.42,0.807,180,2025-11-19,2040-11-19,ATIVO
CTR00316,474,CP,9907.87,421.55,3.801,60,2023-06-27,2028-06-27,ATIVO
CTR00317,423,CP,2301.09,104.31,4.134,60,2023-01-15,2028-01-15,ATIVO
CTR00318,104,CS,46394.59,1571.62,2.19,48,2023-10-29,2027-10-29,ATIVO
CTR00319,453,FI,472476.65,10467.06,0.985,60,2023-01-04,2028-01-04,ATIVO
CTR00320,135,CP,26888.49,1077.71,3.499,60,2023-04-16,2028-04-16,ATIVO
CTR00321,428,CV,163389.27,14858.49,1.37,12,2024-06-04,2025-06-04,QUITADO
CTR00322,312,CP,49109.99,1985.04,3.541,60,2024-11-11,2029-11-11,ATIVO
CTR00323,102,FI,486249.31,4929.31,0.894,240,2023-02-23,2043-02-23,ATIVO
CTR00324,255,CV,26785.5,1395.57,1.871,24,2023-07-06,2025-07-06,QUITADO
CTR00325,55,CC,1834.23,196.17,4.064,12,2025-12-28,2026-12-28,ATIVO
CTR00326,366,CP,48235.2,1753.35,3.028,60,2025-10-19,2030-10-19,ATIVO
CTR00327,145,CP,17519.62,878.76,4.373,48,2023-12-26,2027-12-26,ATIVO
CTR00328,23,CV,199986.27,6038.87,1.63,48,2024-08-31,2028-08-31,ATIVO
CTR00329,317,CC,3737.45,410.32,4.519,12,2024-12-06,2025-12-06,QUITADO
CTR00330,262,CP,40249.13,1638.31,3.576,60,2025-02-11,2030-02-11,ATIVO
CTR00331,54,CS,22834.0,1509.58,1.899,18,2023-03-07,2024-09-07,QUITADO
CTR00332,215,FI,934850.07,13620.21,0.737,96,2023-09-02,2031-09-02,ATIVO
CTR00333,477,CC,5156.71,575.59,4.81,12,2025-04-13,2026-04-13,QUITADO
CTR00334,311,FI,612817.83,28341.83,0.852,24,2023-11-01,2025-11-01,QUITADO
CTR00335,122,CV,21046.44,621.28,1.523,48,2023-09-23,2027-09-23,ATIVO
CTR00336,458,CC,14108.32,1597.98,5.069,12,2025-04-10,2026-04-10,QUITADO
CTR00337,450,CP,36953.67,1566.78,3.783,60,2023-03-15,2028-03-15,ATIVO
CTR00338,476,CC,5139.06,592.97,5.4,12,2025-01-29,2026-01-29,QUITADO
CTR00339,477,CP,3354.45,340.48,3.173,12,2024-07-24,2025-07-24,QUITADO
CTR00340,216,FI,513003.73,4101.2,0.744,360,2024-01-09,2054-01-09,ATIVO
CTR00341,155,FI,177724.63,30553.43,0.893,6,2025-02-11,2025-08-11,QUITADO
CTR00342,5,CS,60630.72,1777.74,2.079,60,2024-02-16,2029-02-16,ATIVO
CTR00343,323,CP,24805.27,1023.82,3.646,60,2023-07-21,2028-07-21,ATIVO
CTR00344,106,CP,36823.23,3740.31,3.185,12,2023-01-28,2024-01-28,QUITADO
CTR00345,79,FI,731574.12,23732.44,0.864,36,2025-01-14,2028-01-14,ATIVO
CTR00346,243,CC,6795.56,746.52,4.53,12,2024-09-05,2025-09-05,QUITADO
CTR00347,130,CC,1241.48,238.22,4.18,6,2023-12-19,2024-06-19,QUITADO
CTR00348,450,CP,7747.66,326.89,3.758,60,2024-12-20,2029-12-20,ATIVO
CTR00349,372,FI,818367.7,140936.38,0.944,6,2023-06-15,2023-12-15,QUITADO
CTR00350,275,CP,42446.95,3328.54,3.91,18,2025-09-01,2027-03-01,ATIVO
CTR00351,50,CP,36334.08,1750.23,4.125,48,2023-10-20,2027-10-20,ATIVO
CTR00352,214,FI,411631.39,13367.38,0.87,36,2023-06-15,2026-06-15,QUITADO
CTR00353,74,CP,44225.47,4655.9,3.793,12,2023-06-14,2024-06-14,QUITADO
CTR00354,354,CP,42457.3,1774.63,3.71,60,2024-08-09,2029-08-09,ATIVO
CTR00355,360,CS,38957.8,7002.93,2.204,6,2023-10-25,2024-04-25,QUITADO
CTR00356,11,CV,124694.35,4541.1,1.544,36,2023-04-27,2026-04-27,QUITADO
CTR00357,335,CS,63676.33,6071.98,2.137,12,2024-06-04,2025-06-04,QUITADO
CTR00358,56,CP,2573.41,121.46,4.354,60,2023-12-27,2028-12-27,ATIVO
CTR00359,339,CC,1309.14,151.58,5.462,12,2024-01-02,2025-01-02,QUITADO
CTR00360,362,CS,2215.66,84.65,1.836,36,2023-12-30,2026-12-30,ATIVO
CTR00361,305,CS,12057.65,301.13,1.812,72,2025-01-04,2031-01-04,ATIVO
CTR00362,25,CS,43927.59,1048.32,1.654,72,2025-02-09,2031-02-09,ATIVO
CTR00363,320,CP,39263.27,1575.28,3.504,60,2024-05-15,2029-05-15,ATIVO
CTR00364,381,CC,6277.21,713.51,5.132,12,2023-11-04,2024-11-04,QUITADO
CTR00365,131,CS,55666.62,5270.93,2.022,12,2024-10-13,2025-10-13,QUITADO
CTR00366,203,CC,3857.58,438.65,5.139,12,2024-01-16,2025-01-16,QUITADO
CTR00367,265,CC,2914.01,331.1,5.125,12,2025-10-30,2026-10-30,ATIVO
CTR00368,430,CS,77699.71,2189.5,1.915,60,2023-06-10,2028-06-10,ATIVO
CTR00369,334,CP,45950.69,2069.7,4.1,60,2023-02-16,2028-02-16,ATIVO
CTR00370,365,CP,49622.22,5316.23,4.094,12,2024-02-01,2025-02-01,QUITADO
CTR00371,354,CV,79648.61,1975.02,1.408,60,2025-03-17,2030-03-17,ATIVO
CTR00372,64,CC,5353.48,569.37,3.968,12,2025-01-01,2026-01-01,QUITADO
CTR00373,449,CV,188365.75,9165.48,1.28,24,2023-04-13,2025-04-13,QUITADO
CTR00374,422,CP,34852.82,1531.81,3.97,60,2024-12-15,2029-12-15,ATIVO
CTR00375,406,CV,113602.42,7365.34,1.679,18,2024-05-15,2025-11-15,QUITADO
CTR00376,12,CV,83431.57,5320.55,1.494,18,2025-10-21,2027-04-21,ATIVO
CTR00377,416,CV,85182.57,2205.56,1.576,60,2025-04-17,2030-04-17,ATIVO
CTR00378,109,FI,946105.49,162279.74,0.827,6,2024-07-06,2025-01-06,QUITADO
CTR00379,26,CC,14997.93,1643.54,4.487,12,2024-12-30,2025-12-30,QUITADO
CTR00380,444,CP,10604.84,2026.29,4.05,6,2023-01-23,2023-07-23,QUITADO
CTR00381,115,CC,13352.16,1538.92,5.38,12,2025-12-07,2026-12-07,ATIVO
CTR00382,117,CV,196120.99,5346.85,1.781,60,2024-09-18,2029-09-18,ATIVO
CTR00383,320,CS,77997.0,4031.87,1.802,24,2025-02-03,2027-02-03,ATIVO
CTR00384,435,CP,40903.19,2051.31,4.372,48,2025-07-11,2029-07-11,ATIVO
CTR00385,85,CV,175671.11,11545.26,1.832,18,2024-04-19,2025-10-19,QUITADO
CTR00386,97,CP,13415.13,605.15,4.108,60,2024-10-18,2029-10-18,ATIVO
CTR00387,385,CC,12139.82,1336.59,4.569,12,2023-08-29,2024-08-29,QUITADO
CTR00388,184,CP,19568.85,832.6,3.801,60,2024-01-08,2029-01-08,ATIVO
CTR00389,487,CP,31955.81,1424.83,4.046,60,2025-12-01,2030-12-01,ATIVO
CTR00390,475,CV,117984.16,2837.4,1.291,60,2024-01-05,2029-01-05,ATIVO
CTR00391,69,CC,2981.2,337.32,5.051,12,2025-07-05,2026-07-05,ATIVO
CTR00392,215,CP,23554.87,871.08,3.109,60,2023-04-01,2028-04-01,ATIVO
CTR00393,479,FI,238410.75,2929.5,0.691,120,2025-04-24,2035-04-24,ATIVO
CTR00394,173,CC,7478.84,828.78,4.683,12,2023-06-18,2024-06-18,QUITADO
CTR00395,269,CV,45849.49,1224.34,1.698,60,2023-05-06,2028-05-06,ATIVO
CTR00396,410,CV,43662.97,1092.29,1.442,60,2024-05-18,2029-05-18,ATIVO
CTR00397,267,CC,13998.97,1483.58,3.907,12,2024-12-18,2025-12-18,QUITADO
CTR00398,373,CP,30770.68,1464.84,3.261,36,2025-08-03,2028-08-03,ATIVO
CTR00399,234,CP,2586.25,102.93,3.464,60,2024-12-09,2029-12-09,ATIVO
CTR00400,149,CV,60212.29,2129.63,1.369,36,2024-09-21,2027-09-21,ATIVO
CTR00401,212,CV,69573.97,1838.33,1.656,60,2023-03-10,2028-03-10,ATIVO
CTR00402,24,CC,9194.83,1051.97,5.248,12,2025-07-20,2026-07-20,ATIVO
CTR00403,415,CP,46347.52,1869.25,3.53,60,2023-06-29,2028-06-29,ATIVO
CTR00404,86,CP,43583.61,1942.55,4.044,60,2023-11-13,2028-11-13,ATIVO
CTR00405,157,CC,11331.28,1275.07,4.953,12,2023-06-17,2024-06-17,QUITADO
CTR00406,302,CP,27800.57,1276.87,4.205,60,2023-02-12,2028-02-12,ATIVO
CTR00407,258,FI,867443.43,15796.77,0.781,72,2024-12-10,2030-12-10,ATIVO
CTR00408,432,CS,92126.18,2109.94,1.922,96,2023-11-02,2031-11-02,ATIVO
CTR00409,53,CP,47323.17,2146.29,4.137,60,2023-12-15,2028-12-15,ATIVO
CTR00410,440,CP,49482.51,2225.03,4.091,60,2024-04-02,2029-04-02,ATIVO
CTR00411,160,CV,118297.68,11004.93,1.735,12,2024-04-25,2025-04-25,QUITADO
CTR00412,177,CC,4117.54,461.14,4.869,12,2025-11-21,2026-11-21,ATIVO
CTR00413,356,CV,198376.86,10113.23,1.681,24,2025-09-28,2027-09-28,ATIVO
CTR00414,116,CS,59001.0,1682.99,1.965,60,2023-09-24,2028-09-24,ATIVO
CTR00415,128,CV,142107.35,5156.36,1.522,36,2023-03-01,2026-03-01,QUITADO
CTR00416,376,CP,11658.43,490.65,3.745,60,2024-05-28,2029-05-28,ATIVO
CTR00417,321,CV,187573.16,32751.36,1.346,6,2023-01-03,2023-07-03,QUITADO
CTR00418,78,CV,136661.01,8681.5,1.451,18,2023-06-20,2024-12-20,QUITADO
CTR00419,347,CP,2928.12,156.71,4.086,36,2025-01-20,2028-01-20,ATIVO
CTR00420,206,CC,1908.98,203.82,4.035,12,2023-04-27,2024-04-27,QUITADO
CTR00421,98,CP,41309.16,3183.82,3.699,18,2025-09-18,2027-03-18,ATIVO
CTR00422,495,CP,25452.79,1965.76,3.724,18,2024-07-09,2026-01-09,QUITADO
CTR00423,388,FI,461856.6,4353.76,0.906,360,2024-05-06,2054-05-06,ATIVO
CTR00424,165,CV,198836.42,13006.49,1.779,18,2024-08-09,2026-02-09,QUITADO
CTR00425,65,CV,156214.23,4331.18,1.849,60,2025-01-24,2030-01-24,ATIVO
CTR00426,192,CV,84743.32,7829.89,1.625,12,2024-08-07,2025-08-07,QUITADO
CTR00427,375,CP,30137.35,1151.27,3.264,60,2023-06-24,2028-06-24,ATIVO
CTR00428,336,CP,46922.41,2103.59,4.075,60,2024-08-05,2029-08-05,ATIVO
CTR00429,274,CP,28463.69,1343.53,3.203,36,2025-12-12,2028-12-12,ATIVO
CTR00430,20,CS,76516.78,4121.07,2.164,24,2025-03-27,2027-03-27,ATIVO
CTR00431,465,CC,5692.54,655.81,5.372,12,2025-07-29,2026-07-29,ATIVO
CTR00432,197,CV,91498.36,2406.67,1.638,60,2023-10-08,2028-10-08,ATIVO
CTR00433,245,FI,104383.8,3297.85,0.713,36,2024-07-05,2027-07-05,ATIVO
CTR00434,135,CC,12068.72,1304.07,4.242,12,2025-01-22,2026-01-22,QUITADO
CTR00435,207,CV,42340.45,1148.88,1.762,60,2024-12-28,2029-12-28,ATIVO
CTR00436,359,CS,68942.63,4590.13,1.979,18,2024-11-22,2026-05-22,QUITADO
CTR00437,491,CC,7570.8,1485.05,4.863,6,2023-08-26,2024-02-26,QUITADO
CTR00438,223,CV,166399.95,4420.07,1.677,60,2024-11-20,2029-11-20,ATIVO
CTR00439,386,CP,26093.68,1153.61,4.001,60,2025-06-09,2030-06-09,ATIVO
CTR00440,67,FI,344301.64,4549.21,0.833,120,2024-12-17,2034-12-17,ATIVO
CTR00441,46,CS,60846.96,1617.49,1.68,60,2023-10-06,2028-10-06,ATIVO
CTR00442,400,CP,25980.65,1156.23,4.036,60,2025-05-11,2030-05-11,ATIVO
CTR00443,391,CC,3485.52,394.21,5.043,12,2025-04-29,2026-04-29,QUITADO
CTR00444,403,CP,11020.75,511.33,4.26,60,2025-07-14,2030-07-14,ATIVO
CTR00445,251,CV,72674.43,2009.5,1.838,60,2025-01-19,2030-01-19,ATIVO
CTR00446,82,CC,2898.29,336.29,5.5,12,2024-09-02,2025-09-02,QUITADO
CTR00447,392,CC,8831.02,999.18,5.05,12,2024-10-03,2025-10-03,QUITADO
CTR00448,296,CP,42951.38,1733.96,3.108,48,2023-07-09,2027-07-09,ATIVO
CTR00449,87,CS,44060.72,7770.15,1.638,6,2023-08-24,2024-02-24,QUITADO
CTR00450,397,CC,11992.79,1265.73,3.836,12,2023-09-08,2024-09-08,QUITADO
CTR00451,390,CV,122869.75,3456.29,1.299,48,2024-06-12,2028-06-12,ATIVO
CTR00452,108,CV,57130.71,3712.61,1.705,18,2023-10-30,2025-04-30,QUITADO
CTR00453,141,CP,43047.84,1876.91,3.928,60,2025-08-11,2030-08-11,ATIVO
CTR00454,232,CS,42867.13,2879.98,2.082,18,2024-09-07,2026-03-07,QUITADO
CTR00455,3,CP,2688.86,122.31,4.153,60,2023-06-18,2028-06-18,ATIVO
CTR00456,356,CS,69369.14,1586.58,1.918,96,2023-09-05,2031-09-05,ATIVO
CTR00457,498,FI,331154.79,6210.67,0.871,72,2024-12-09,2030-12-09,ATIVO
CTR00458,161,CS,47255.41,1261.25,1.696,60,2025-07-14,2030-07-14,ATIVO
CTR00459,91,CP,9961.48,452.55,4.146,60,2025-04-27,2030-04-27,ATIVO
CTR00460,324,CC,9120.66,1045.36,5.28,12,2024-06-24,2025-06-24,QUITADO
CTR00461,171,CV,87427.55,15394.9,1.594,6,2024-02-11,2024-08-11,QUITADO
CTR00462,250,CP,11702.75,528.1,4.11,60,2024-06-11,2029-06-11,ATIVO
CTR00463,42,CS,76225.32,1787.5,1.992,96,2024-01-11,2032-01-11,ATIVO
CTR00464,399,CS,55980.94,9995.39,2.004,6,2024-10-08,2025-04-08,QUITADO
CTR00465,213,CV,129269.31,8347.55,1.634,18,2025-04-03,2026-10-03,ATIVO
CTR00466,367,CV,183717.82,32228.44,1.483,6,2025-12-22,2026-06-22,ATIVO
CTR00467,442,CV,46161.14,1227.72,1.682,60,2025-11-21,2030-11-21,ATIVO
CTR00468,162,CS,58368.38,5537.61,2.054,12,2024-11-03,2025-11-03,QUITADO
CTR00469,74,FI,396761.85,3445.57,0.823,360,2025-07-14,2055-07-14,ATIVO
CTR00470,235,FI,277730.18,16720.61,0.86,18,2025-05-13,2026-11-13,ATIVO
CTR00471,465,CV,179791.43,5273.48,1.493,48,2025-06-10,2029-06-10,ATIVO
CTR00472,458,CV,176661.28,9000.99,1.676,24,2025-05-10,2027-05-10,ATIVO
CTR00473,58,CV,73487.76,2036.51,1.847,60,2025-07-10,2030-07-10,ATIVO
CTR00474,210,CC,7378.39,847.09,5.31,12,2024-09-11,2025-09-11,QUITADO
CTR00475,176,CV,46260.93,1227.9,1.674,60,2023-10-07,2028-10-07,ATIVO
CTR00476,103,CV,181827.7,4642.19,1.521,60,2024-02-24,2029-02-24,ATIVO
CTR00477,71,FI,511212.54,10534.69,0.724,60,2023-04-21,2028-04-21,ATIVO
CTR00478,78,CS,82336.14,1978.94,2.066,96,2023-07-09,2031-07-09,ATIVO
CTR00479,438,FI,892847.16,53025.17,0.712,18,2024-11-18,2026-05-18,QUITADO
CTR00480,446,FI,311676.91,4671.58,0.804,96,2025-08-19,2033-08-19,ATIVO
CTR00481,500,CP,9718.87,453.95,3.94,48,2023-04-20,2027-04-20,ATIVO
CTR00482,235,FI,376017.62,5724.07,0.841,96,2023-06-08,2031-06-08,ATIVO
CTR00483,153,CV,68660.25,1673.92,1.343,60,2023-08-14,2028-08-14,ATIVO
CTR00484,272,CV,107623.07,2632.07,1.355,60,2023-03-23,2028-03-23,ATIVO
CTR00485,196,FI,408362.4,13319.04,0.895,36,2025-05-28,2028-05-28,ATIVO
CTR00486,349,CS,45425.79,1075.62,2.021,96,2024-10-17,2032-10-17,ATIVO
CTR00487,445,CS,67144.51,3640.31,2.223,24,2024-07-27,2026-07-27,ATIVO
CTR00488,62,CC,13976.19,1601.87,5.28,12,2023-06-23,2024-06-23,QUITADO
CTR00489,257,CS,52623.09,2826.56,2.14,24,2025-07-23,2027-07-23,ATIVO
CTR00490,388,CC,9842.99,1138.27,5.44,12,2023-10-05,2024-10-05,QUITADO
CTR00491,456,CP,3905.41,151.46,3.337,60,2025-04-28,2030-04-28,ATIVO
CTR00492,242,CV,104080.89,3728.4,1.445,36,2025-12-16,2028-12-16,ATIVO
CTR00493,459,CP,3786.61,146.31,3.319,60,2024-05-10,2029-05-10,ATIVO
CTR00494,318,CP,7544.75,467.91,3.461,24,2025-01-28,2027-01-28,ATIVO
CTR00495,484,CC,12190.3,1396.32,5.269,12,2025-10-14,2026-10-14,ATIVO
CTR00496,298,CS,15850.87,836.63,1.985,24,2024-06-01,2026-06-01,QUITADO
CTR00497,299,CP,38555.83,7202.94,3.362,6,2023-03-24,2023-09-24,QUITADO
CTR00498,325,CV,134557.56,3530.3,1.628,60,2023-12-14,2028-12-14,ATIVO
CTR00499,444,CP,9468.25,733.41,3.76,18,2025-09-05,2027-03-05,ATIVO
CTR00500,28,FI,126600.49,1590.6,0.734,120,2023-01-29,2033-01-29,ATIVO
CTR00501,241,CV,82020.9,2222.26,1.756,60,2025-07-04,2030-07-04,ATIVO
CTR00502,61,FI,798033.81,20096.4,0.802,48,2023-01-15,2027-01-15,ATIVO
CTR00503,436,CC,6882.48,756.76,4.546,12,2025-07-10,2026-07-10,ATIVO
CTR00504,238,CP,22125.11,4211.98,3.937,6,2025-01-10,2025-07-10,QUITADO
CTR00505,151,CP,3724.88,222.32,3.1,24,2024-01-24,2026-01-24,QUITADO
CTR00506,300,CS,29827.81,664.44,1.841,96,2025-01-11,2033-01-11,ATIVO
CTR00507,134,CC,2359.29,255.17,4.258,12,2023-07-07,2024-07-07,QUITADO
CTR00508,191,CV,107158.97,2846.46,1.677,60,2023-12-23,2028-12-23,ATIVO
CTR00509,170,CP,43951.06,2173.57,3.524,36,2024-08-17,2027-08-17,ATIVO
CTR00510,455,CC,3410.09,364.26,4.043,12,2024-10-02,2025-10-02,QUITADO
CTR00511,404,FI,926028.16,17435.07,0.883,72,2024-02-10,2030-02-10,ATIVO
CTR00512,431,CC,6014.68,685.36,5.176,12,2023-10-27,2024-10-27,QUITADO
CTR00513,315,CC,11487.39,1308.38,5.168,12,2025-12-04,2026-12-04,ATIVO
CTR00514,229,CS,71313.08,1582.54,1.83,96,2023-06-27,2031-06-27,ATIVO
CTR00515,364,CV,194125.22,5342.56,1.819,60,2024-06-05,2029-06-05,ATIVO
CTR00516,268,CC,6915.14,790.27,5.228,12,2023-12-16,2024-12-16,QUITADO
CTR00517,51,CV,101375.16,2620.81,1.57,60,2023-01-15,2028-01-15,ATIVO
CTR00518,344,CV,105374.24,2618.37,1.416,60,2025-10-25,2030-10-25,ATIVO
CTR00519,188,CV,75500.26,1919.68,1.505,60,2025-12-29,2030-12-29,ATIVO
CTR00520,77,CC,7363.16,804.03,4.425,12,2024-04-07,2025-04-07,QUITADO
CTR00521,132,CS,21931.81,882.29,2.157,36,2023-10-29,2026-10-29,ATIVO
CTR00522,483,CS,80300.0,5404.81,2.103,18,2025-11-28,2027-05-28,ATIVO
CTR00523,100,CS,7164.92,179.03,2.185,96,2025-09-11,2033-09-11,ATIVO
CTR00524,301,CC,4232.13,447.03,3.85,12,2025-09-01,2026-09-01,ATIVO
CTR00525,186,CP,25446.71,1156.78,3.78,48,2025-12-30,2029-12-30,ATIVO
CTR00526,175,CS,97362.28,3073.0,1.842,48,2023-02-22,2027-02-22,ATIVO
CTR00527,308,FI,217756.89,7008.83,0.819,36,2023-12-10,2026-12-10,ATIVO
CTR00528,414,CP,45076.2,2279.71,3.681,36,2024-11-08,2027-11-08,ATIVO
CTR00529,368,CP,3630.32,185.87,3.768,36,2025-09-05,2028-09-05,ATIVO
CTR00530,488,CC,5046.73,578.91,5.295,12,2024-08-23,2025-08-23,QUITADO
CTR00531,228,CC,10616.34,1126.47,3.928,12,2024-09-26,2025-09-26,QUITADO
CTR00532,352,CS,53064.73,1488.37,1.896,60,2024-12-12,2029-12-12,ATIVO
CTR00533,195,CP,25238.37,1842.19,3.046,18,2024-02-24,2025-08-24,QUITADO
CTR00534,37,CC,3446.97,371.92,4.217,12,2023-09-19,2024-09-19,QUITADO
CTR00535,398,CP,32239.85,2022.03,3.568,24,2025-03-16,2027-03-16,ATIVO
CTR00536,415,CV,42644.3,3980.6,1.79,12,2025-03-26,2026-03-26,QUITADO
CTR00537,429,CC,10162.94,1074.61,3.868,12,2023-09-26,2024-09-26,QUITADO
CTR00538,266,CP,29379.5,3017.8,3.374,12,2023-11-12,2024-11-12,QUITADO
CTR00539,303,FI,534711.8,11341.06,0.827,60,2023-07-26,2028-07-26,ATIVO
CTR00540,289,CV,55337.41,9708.81,1.487,6,2024-09-06,2025-03-06,QUITADO
CTR00541,27,CS,85553.24,2203.89,1.556,60,2025-03-04,2030-03-04,ATIVO
CTR00542,144,FI,465392.53,8598.34,0.825,72,2023-05-27,2029-05-27,ATIVO
CTR00543,328,CS,15563.86,516.12,2.084,48,2025-07-14,2029-07-14,ATIVO
CTR00544,170,CS,63994.34,3212.7,1.548,24,2024-12-06,2026-12-06,ATIVO
CTR00545,59,FI,591997.21,5031.48,0.802,360,2025-06-26,2055-06-26,ATIVO
CTR00546,247,CP,15382.16,559.86,3.034,60,2025-08-18,2030-08-18,ATIVO
CTR00547,420,CC,3094.39,352.64,5.178,12,2023-10-22,2024-10-22,QUITADO
CTR00548,154,CC,13572.11,1473.45,4.324,12,2023-02-18,2024-02-18,QUITADO
CTR00549,351,FI,691352.34,32266.11,0.928,24,2025-10-20,2027-10-20,ATIVO
CTR00550,86,CP,43774.03,1841.17,3.742,60,2023-09-04,2028-09-04,ATIVO
CTR00551,268,CS,15239.85,380.82,1.814,72,2023-04-29,2029-04-29,ATIVO
CTR00552,76,FI,675214.48,9524.14,0.965,120,2023-03-06,2033-03-06,ATIVO
CTR00553,333,CV,146404.35,4049.19,1.839,60,2024-05-13,2029-05-13,ATIVO
CTR00554,284,CS,58306.27,2999.2,1.759,24,2024-09-24,2026-09-24,ATIVO
CTR00555,345,CP,19530.03,1294.59,4.104,24,2025-02-27,2027-02-27,ATIVO
CTR00556,66,CV,80223.59,1941.52,1.315,60,2023-12-20,2028-12-20,ATIVO
CTR00557,494,CP,35381.11,1496.61,3.771,60,2025-05-06,2030-05-06,ATIVO
CTR00558,111,CP,19102.77,897.88,4.331,60,2024-12-25,2029-12-25,ATIVO
CTR00559,306,CP,16302.31,1105.09,4.325,24,2025-11-27,2027-11-27,ATIVO
CTR00560,290,CS,69457.26,1823.23,1.63,60,2025-04-28,2030-04-28,ATIVO
CTR00561,384,CV,153737.15,26881.0,1.387,6,2024-05-03,2024-11-03,QUITADO
CTR00562,302,CS,2150.61,80.31,1.696,36,2024-05-27,2027-05-27,ATIVO
CTR00563,8,CS,32427.68,970.55,1.588,48,2025-05-09,2029-05-09,ATIVO
CTR00564,105,FI,963943.08,9755.26,0.982,360,2025-10-07,2055-10-07,ATIVO
CTR00565,136,CP,20479.39,757.83,3.112,60,2023-01-29,2028-01-29,ATIVO
CTR00566,352,FI,968621.73,9502.1,0.703,180,2025-02-14,2040-02-14,ATIVO
CTR00567,310,CC,13021.52,1484.28,5.182,12,2025-09-02,2026-09-02,ATIVO
CTR00568,478,CC,14622.33,1698.32,5.518,12,2023-01-20,2024-01-20,QUITADO
CTR00569,224,CV,197785.72,5014.71,1.494,60,2023-11-17,2028-11-17,ATIVO
CTR00570,373,CS,2050.82,62.67,1.687,48,2024-08-17,2028-08-17,ATIVO
CTR00571,471,CP,25871.87,1644.45,3.696,24,2025-06-29,2027-06-29,ATIVO
CTR00572,358,CP,37229.83,1532.38,3.632,60,2023-10-03,2028-10-03,ATIVO
CTR00573,386,CV,34113.69,863.15,1.486,60,2025-10-20,2030-10-20,ATIVO
CTR00574,434,CC,9469.52,1049.45,4.684,12,2025-06-14,2026-06-14,QUITADO
CTR00575,282,CP,34736.0,1468.46,3.768,60,2025-12-19,2030-12-19,ATIVO
CTR00576,313,FI,504012.14,12565.35,0.758,48,2024-10-31,2028-10-31,ATIVO
CTR00577,259,CP,17450.04,847.2,3.396,36,2023-10-10,2026-10-10,ATIVO
CTR00578,230,CP,11732.76,475.21,3.126,48,2025-06-22,2029-06-22,ATIVO
CTR00579,9,CS,5615.4,172.84,1.721,48,2023-08-03,2027-08-03,ATIVO
CTR00580,349,CS,91329.05,3039.02,2.101,48,2023-09-11,2027-09-11,ATIVO
CTR00581,136,CP,6133.51,292.78,4.07,48,2023-10-27,2027-10-27,ATIVO
CTR00582,52,CV,116660.92,3153.71,1.747,60,2025-01-09,2030-01-09,ATIVO
CTR00583,10,CS,20188.08,677.19,2.141,48,2025-06-09,2029-06-09,ATIVO
CTR00584,21,FI,309475.29,2611.27,0.795,360,2025-05-04,2055-05-04,ATIVO
CTR00585,284,CV,172467.21,4459.86,1.571,60,2024-12-13,2029-12-13,ATIVO
CTR00586,420,CS,4834.86,113.74,1.605,72,2023-03-17,2029-03-17,ATIVO
CTR00587,460,CS,29781.1,642.93,1.751,96,2025-10-17,2033-10-17,ATIVO
CTR00588,212,CP,6663.19,263.52,3.433,60,2025-03-25,2030-03-25,ATIVO
CTR00589,231,CV,45117.98,1177.75,1.608,60,2023-11-25,2028-11-25,ATIVO
CTR00590,227,FI,351027.47,4673.13,0.848,120,2024-08-13,2034-08-13,ATIVO
CTR00591,220,CP,45774.82,2254.72,4.261,48,2024-10-21,2028-10-21,ATIVO
CTR00592,142,CV,153841.39,4319.05,1.29,48,2024-05-16,2028-05-16,ATIVO
CTR00593,167,FI,502028.44,5523.57,0.999,240,2023-06-12,2043-06-12,ATIVO
CTR00594,51,CS,39953.36,836.95,1.666,96,2023-07-27,2031-07-27,ATIVO
CTR00595,396,CC,5466.42,617.06,5.009,12,2024-03-07,2025-03-07,QUITADO
CTR00596,29,FI,330442.71,10544.94,0.77,36,2024-10-18,2027-10-18,ATIVO
CTR00597,292,CP,30403.24,1376.6,4.128,60,2024-08-07,2029-08-07,ATIVO
CTR00598,93,CP,14656.7,572.14,3.369,60,2023-01-08,2028-01-08,ATIVO
CTR00599,265,CC,2898.24,317.91,4.504,12,2025-02-19,2026-02-19,QUITADO
CTR00600,168,CS,33683.36,726.41,1.748,96,2025-03-21,2033-03-21,ATIVO
CTR00601,353,FI,861828.29,27987.15,0.87,36,2025-04-05,2028-04-05,ATIVO
CTR00602,359,CV,28943.37,729.5,1.471,60,2025-10-25,2030-10-25,ATIVO
CTR00603,217,CP,25450.95,1143.35,4.086,60,2024-09-06,2029-09-06,ATIVO
CTR00604,291,CS,43741.7,2298.29,1.945,24,2023-11-12,2025-11-12,QUITADO
CTR00605,486,CC,924.22,99.29,4.142,12,2023-12-05,2024-12-05,QUITADO
CTR00606,182,FI,273576.09,2907.7,0.954,240,2023-04-22,2043-04-22,ATIVO
CTR00607,457,FI,111832.89,6758.86,0.902,18,2025-01-08,2026-07-08,ATIVO
CTR00608,229,CP,46847.98,2039.09,3.919,60,2023-12-31,2028-12-31,ATIVO
CTR00609,382,CP,2418.23,92.34,3.262,60,2025-09-21,2030-09-21,ATIVO
CTR00610,248,CV,22478.89,3977.92,1.74,6,2025-03-28,2025-09-28,QUITADO
CTR00611,32,CP,5942.29,306.95,3.831,36,2025-07-23,2028-07-23,ATIVO
CTR00612,127,CV,96024.26,16870.75,1.528,6,2025-04-29,2025-10-29,QUITADO
CTR00613,407,FI,574752.62,8196.55,0.687,96,2023-06-14,2031-06-14,ATIVO
CTR00614,343,CV,46218.53,1147.85,1.414,60,2025-01-18,2030-01-18,ATIVO
CTR00615,476,CV,188108.4,4838.33,1.55,60,2024-02-09,2029-02-09,ATIVO
CTR00616,378,CS,24384.56,594.62,2.11,96,2023-07-22,2031-07-22,ATIVO
CTR00617,281,CP,46714.89,2105.86,3.731,48,2024-07-05,2028-07-05,ATIVO
CTR00618,204,CS,97363.21,2685.89,2.171,72,2023-11-11,2029-11-11,ATIVO
CTR00619,370,FI,369807.65,4126.45,0.889,180,2024-07-02,2039-07-02,ATIVO
CTR00620,52,CV,150521.15,7626.82,1.628,24,2025-09-03,2027-09-03,ATIVO
CTR00621,468,CC,2891.27,324.35,4.899,12,2025-10-02,2026-10-02,ATIVO
CTR00622,34,FI,193518.19,8962.79,0.864,24,2024-08-06,2026-08-06,ATIVO
CTR00623,256,CV,166003.4,4050.3,1.346,60,2024-05-06,2029-05-06,ATIVO
CTR00624,60,CP,26425.05,1245.21,4.345,60,2023-11-11,2028-11-11,ATIVO
CTR00625,206,CP,12501.65,656.88,3.953,36,2023-07-16,2026-07-16,ATIVO
CTR00626,198,CP,46411.31,1902.48,3.192,48,2023-12-13,2027-12-13,ATIVO
CTR00627,178,CP,35983.89,1491.38,3.667,60,2025-10-12,2030-10-12,ATIVO
CTR00628,30,CV,105054.34,2704.17,1.553,60,2023-07-07,2028-07-07,ATIVO
CTR00629,204,CC,1957.17,211.25,4.223,12,2023-09-15,2024-09-15,QUITADO
CTR00630,294,CV,36654.11,6425.18,1.461,6,2025-11-29,2026-05-29,QUITADO
CTR00631,139,CP,19389.81,2002.05,3.462,12,2025-12-05,2026-12-05,ATIVO
CTR00632,414,CS,17630.01,365.24,1.635,96,2025-11-21,2033-11-21,ATIVO
CTR00633,177,CP,19789.22,1287.04,3.918,24,2024-04-10,2026-04-10,QUITADO
CTR00634,319,CP,14029.27,557.2,3.019,48,2025-03-06,2029-03-06,ATIVO
CTR00635,68,CP,46163.03,2132.15,3.056,36,2023-06-09,2026-06-09,QUITADO
CTR00636,163,CP,43224.42,1851.94,3.837,60,2023-03-24,2028-03-24,ATIVO
CTR00637,431,CC,1451.23,156.38,4.194,12,2025-02-12,2026-02-12,QUITADO
CTR00638,58,CP,10681.83,466.98,3.942,60,2025-04-13,2030-04-13,ATIVO
CTR00639,383,CC,9021.07,993.61,4.576,12,2023-06-02,2024-06-02,QUITADO
CTR00640,199,CC,14904.28,1709.87,5.297,12,2025-03-07,2026-03-07,QUITADO
CTR00641,497,CP,34642.63,1494.31,3.872,60,2024-05-06,2029-05-06,ATIVO
CTR00642,417,CV,132524.51,12177.87,1.537,12,2023-01-20,2024-01-20,QUITADO
CTR00643,217,CS,90845.57,2055.92,1.887,96,2023-01-07,2031-01-07,ATIVO
CTR00644,453,FI,645585.34,12368.96,0.937,72,2024-02-18,2030-02-18,ATIVO
CTR00645,193,CS,24382.0,4327.58,1.828,6,2023-08-24,2024-02-24,QUITADO
CTR00646,92,CS,69778.08,1711.58,1.749,72,2025-03-18,2031-03-18,ATIVO
CTR00647,20,FI,914548.87,157202.49,0.889,6,2023-06-06,2023-12-06,QUITADO
CTR00648,427,CV,27097.17,747.96,1.831,60,2023-12-13,2028-12-13,ATIVO
CTR00649,276,CC,12188.5,1374.32,4.989,12,2025-10-13,2026-10-13,ATIVO
CTR00650,329,CC,11494.08,2267.0,5.034,6,2024-10-07,2025-04-07,QUITADO
